﻿<?xml version="1.0" encoding="utf-8"?>
<FormsAndObjectsExport Version="010000">
   <Forms Type="1">
      <Form Name="zTMP_TJS" Scope="1" ScopeName="[NULL]">
         <Caption />
         <Type>0</Type>
         <StandardOperations>0</StandardOperations>
         <Flags>1048576</Flags>
         <Height>40</Height>
         <LeftPos>0</LeftPos>
         <TopPos>0</TopPos>
         <Width>120</Width>
         <HelpContextID>-1</HelpContextID>
         <PaneZeroSize>0</PaneZeroSize>
         <PrimaryDataSource>FormsAndObjects( )</PrimaryDataSource>
         <MasterDeviceID>0</MasterDeviceID>
         <Components>
            <Component Name="button1_SITE">
               <DeviceID>-1</DeviceID>
               <Type>8</Type>
               <TabOrder>0</TabOrder>
               <TopPos>2.33333333333333</TopPos>
               <LeftPos>12.625</LeftPos>
               <Height>4.72222222222222</Height>
               <ListHeight>0</ListHeight>
               <Width>32.375</Width>
               <MaxCharacters>0</MaxCharacters>
               <ContainerName />
               <ContainerSequence>0</ContainerSequence>
               <Binding>0</Binding>
               <EventToGenerate>BinaryExport</EventToGenerate>
               <Flags>0</Flags>
               <ReadOnly>False</ReadOnly>
               <Hidden>False</Hidden>
               <HelpContextID>0</HelpContextID>
               <Post301Format>AUTOIME(Off)</Post301Format>
            </Component>
            <Component Name="hid_BinaryData">
               <DeviceID>-1</DeviceID>
               <Type>1</Type>
               <TabOrder>2</TabOrder>
               <TopPos>6.27777777777778</TopPos>
               <LeftPos>61</LeftPos>
               <Height>2.66666666666667</Height>
               <ListHeight>0</ListHeight>
               <Width>15.25</Width>
               <MaxCharacters>0</MaxCharacters>
               <ContainerName />
               <ContainerSequence>0</ContainerSequence>
               <DataSource>object.Download</DataSource>
               <Binding>1</Binding>
               <Flags>0</Flags>
               <ReadOnly>False</ReadOnly>
               <Hidden>False</Hidden>
               <HelpContextID>0</HelpContextID>
               <Post301Format>AUTOIME(Off)</Post301Format>
            </Component>
            <Component Name="txtTEST">
               <DeviceID>-1</DeviceID>
               <Type>1</Type>
               <TabOrder>1</TabOrder>
               <TopPos>12.4444444444444</TopPos>
               <LeftPos>22.25</LeftPos>
               <Height>3.66666666666667</Height>
               <ListHeight>0</ListHeight>
               <Width>27.875</Width>
               <MaxCharacters>0</MaxCharacters>
               <ContainerName />
               <ContainerSequence>0</ContainerSequence>
               <Binding>0</Binding>
               <SelectionEvent>TestTextChanged</SelectionEvent>
               <Flags>0</Flags>
               <ReadOnly>False</ReadOnly>
               <Hidden>False</Hidden>
               <HelpContextID>0</HelpContextID>
               <Post301Format>AUTOIME(Off)</Post301Format>
            </Component>
         </Components>
         <EventHandlers>
            <EventHandler Name="BinaryExport" Sequence="0">
               <ResponseType>37</ResponseType>
               <Response>ACTION(Export) COMPONENT(hid_BinaryData) BLOBFILENAME(ABC123.txt)</Response>
            </EventHandler>
            <EventHandler Name="BinaryExport" Sequence="1">
               <ResponseType>35</ResponseType>
               <Response>NoticeMsg(yep)</Response>
            </EventHandler>
            <EventHandler Name="StartTimer" Sequence="0">
               <ResponseType>20</ResponseType>
               <Response>ACTION(Start) INTERVAL(1000)</Response>
            </EventHandler>
            <EventHandler Name="StdFormTimerTick" Sequence="0">
               <ResponseType>35</ResponseType>
               <Response>NoticeMsg(abc)</Response>
            </EventHandler>
            <EventHandler Name="StdFormTimerTick" Sequence="1">
               <ResponseType>20</ResponseType>
               <Response>ACTION(Stop) INTERVAL()</Response>
            </EventHandler>
            <EventHandler Name="StdFormTimerTick" Sequence="2">
               <ResponseType>21</ResponseType>
               <Response>StdCurCompClipboardCut( POST() )</Response>
            </EventHandler>
            <EventHandler Name="TestTextChanged" Sequence="0">
               <ResponseType>35</ResponseType>
               <Response>SaveFile()</Response>
            </EventHandler>
            <EventHandler Name="ToDo" Sequence="0">
               <ResponseType>35</ResponseType>
               <Response>TimerAndFocus()</Response>
            </EventHandler>
         </EventHandlers>
         <Script Language="Visual Basic">
            <ScriptLines>
               <ScriptLine>Option Explicit On</ScriptLine>
               <ScriptLine>Option Strict On</ScriptLine>
               <ScriptLine>Option Infer On</ScriptLine>
               <ScriptLine>Imports System</ScriptLine>
               <ScriptLine>Imports Microsoft.VisualBasic</ScriptLine>
               <ScriptLine>Imports Mongoose.IDO.Protocol</ScriptLine>
               <ScriptLine>Imports Mongoose.Scripting</ScriptLine>
               <ScriptLine />
               <ScriptLine />
               <ScriptLine>Namespace Mongoose.FormScripts</ScriptLine>
               <ScriptLine>Public Class zTMP_TJS</ScriptLine>
               <ScriptLine>Inherits FormScript</ScriptLine>
               <ScriptLine />
               <ScriptLine>Sub TimerAndFocus()</ScriptLine>
               <ScriptLine>    ThisForm.SetFocus("txtTEST")</ScriptLine>
               <ScriptLine>    ThisForm.GenerateEvent("StartTimer")</ScriptLine>
               <ScriptLine>End Sub</ScriptLine>
               <ScriptLine>Sub NoticeMsg(ur_text As String)</ScriptLine>
               <ScriptLine>    Application.ShowMessage(ur_text)</ScriptLine>
               <ScriptLine>    'ThisForm.GenerateEvent("StdCurCompClipboardCut")</ScriptLine>
               <ScriptLine>End Sub</ScriptLine>
               <ScriptLine />
               <ScriptLine>Sub SaveFile()</ScriptLine>
               <ScriptLine>    Dim strORIG_TEXT = ThisForm.Components("txtTEST").Text</ScriptLine>
               <ScriptLine>    If strORIG_TEXT &lt;&gt; "" Then</ScriptLine>
               <ScriptLine>        Dim strBIN_TEXT = System.Convert.ToBase64String(System.Text.Encoding.UTF8.GetBytes(strORIG_TEXT))</ScriptLine>
               <ScriptLine>        Dim clcPK = ThisForm.PrimaryIDOCollection</ScriptLine>
               <ScriptLine>        clcPK.ClearEntries()</ScriptLine>
               <ScriptLine>        clcPK.New()</ScriptLine>
               <ScriptLine>        clcPK.SetCurrentObjectProperty("Download", strBIN_TEXT)</ScriptLine>
               <ScriptLine>        clcPK.SetCurrentObjectModified(True)</ScriptLine>
               <ScriptLine>        ThisForm.GenerateEvent("BinaryExport")</ScriptLine>
               <ScriptLine>        clcPK.SetCurrentObjectModified( False )</ScriptLine>
               <ScriptLine>    End If</ScriptLine>
               <ScriptLine>End Sub</ScriptLine>
               <ScriptLine />
               <ScriptLine>End Class</ScriptLine>
               <ScriptLine>End Namespace</ScriptLine>
            </ScriptLines>
         </Script>
      </Form>
   </Forms>
</FormsAndObjectsExport>